[{"model": "sessions.session", "pk": "15h403fji65avrrkl7mvvpwlloi3krdh", "fields": {"session_data": ".eJxVjEEOwiAQRe_C2pBSYACX7j0DYZjBVg0kpV0Z765NutDtf-_9l4hpW6e4dV7iTOIsrDj9bpjyg-sO6J7qrcnc6rrMKHdFHrTLayN-Xg7372BKffrWigt61sgwgqZsDTrlSWGCUQcIxRkHVlscaSDMnqHYAGaATGS5KBbvD_ALOEg:1sZDB5:xv2E0CQpsRWky8t1kN03zVC5GlM28yY_pEyN-KcGlTM", "expire_date": "2024-08-14T17:31:55.160Z"}}, {"model": "users.customuser", "pk": 1, "fields": {"last_login": "2024-07-29T20:24:39.785Z", "is_superuser": false, "email": "", "is_staff": false, "username": "!dracula", "first_name": "dog", "last_name": "dog", "password": "pbkdf2_sha256$720000$tOobxnygmQr5vGo9K7Wc1i$4UJp8cNnP9E/DY9MjM41GSRCY4XlTVgY2EaDXgYE95k=", "date_joined": "2024-07-29T19:47:00.221Z", "is_active": true, "is_admin": false, "groups": [], "user_permissions": []}}, {"model": "users.customuser", "pk": 2, "fields": {"last_login": null, "is_superuser": false, "email": "", "is_staff": false, "username": "StevenFry", "first_name": "Steven", "last_name": "Fry", "password": "pbkdf2_sha256$720000$brpFKNJtWACofBhRmCvpKD$+FKUTOMHsrpjYtibFMutxioc+zo4sKSbNROiB6OEg5g=", "date_joined": "2024-07-30T12:08:14.035Z", "is_active": true, "is_admin": false, "groups": [], "user_permissions": []}}, {"model": "users.customuser", "pk": 3, "fields": {"last_login": null, "is_superuser": false, "email": "", "is_staff": false, "username": "SimonSays", "first_name": "Simon", "last_name": "Sorcerer", "password": "pbkdf2_sha256$720000$kjODmV2yxlRak4z1z38oWk$BxwKb7RCyoYGQavxuPX6KPsEZVjynq+JrQ4Yhe10mYo=", "date_joined": "2024-07-30T12:10:58.406Z", "is_active": true, "is_admin": false, "groups": [], "user_permissions": []}}, {"model": "users.customuser", "pk": 4, "fields": {"last_login": null, "is_superuser": false, "email": "", "is_staff": false, "username": "Dog", "first_name": "Barky", "last_name": "Simons", "password": "pbkdf2_sha256$720000$hOXW1fkWfa0dn0X51TWy1w$oVlK2lWXtQ9G3gqbpkIyvlSM1iRvxJhoosRy/rKTDRQ=", "date_joined": "2024-07-30T12:10:58.406Z", "is_active": true, "is_admin": false, "groups": [], "user_permissions": []}}, {"model": "users.customuser", "pk": 5, "fields": {"last_login": "2024-07-31T17:31:55.160Z", "is_superuser": false, "email": "", "is_staff": false, "username": "Cat", "first_name": "Fluffy", "last_name": "Bluffy", "password": "pbkdf2_sha256$720000$Pp04vbFCqbkD9e6fmAV6PZ$vCbDVe0jc32NYgIDgI+crxjJLxGqeF2MHvQGoOpf4FE=", "date_joined": "2024-07-30T12:10:58.406Z", "is_active": true, "is_admin": false, "groups": [], "user_permissions": []}}, {"model": "users.customuser", "pk": 6, "fields": {"last_login": null, "is_superuser": false, "email": "", "is_staff": false, "username": "Owl", "first_name": "Fish", "last_name": "Owl", "password": "pbkdf2_sha256$720000$a5nOPGr2jcYfaV7D7aqTjK$Unw7m3YdFCFb+LLDvSsXcZCvjlk8Xm2yg+MGe4SEzFA=", "date_joined": "2024-07-30T12:10:58.406Z", "is_active": true, "is_admin": false, "groups": [], "user_permissions": []}}, {"model": "users.customuser", "pk": 7, "fields": {"last_login": null, "is_superuser": false, "email": "", "is_staff": false, "username": "Fox", "first_name": "Orange", "last_name": "Fox", "password": "pbkdf2_sha256$720000$1RlDs3OUklVVBEg3zTslBH$0NCoCvE6GQ/GZCwC4MKht7Qmqm8mRrgIh+AACFU1wKY=", "date_joined": "2024-07-30T12:10:58.406Z", "is_active": true, "is_admin": false, "groups": [], "user_permissions": []}}, {"model": "users.customuser", "pk": 8, "fields": {"last_login": "2024-07-30T13:07:11.333Z", "is_superuser": false, "email": "", "is_staff": false, "username": "cow", "first_name": "cow", "last_name": "cow", "password": "pbkdf2_sha256$720000$ttsaLanYQ2Xl0qQDRB5hIo$dCICW5kx63/e43pacML5FWeAQm2pZzOSQtrZM0LEav0=", "date_joined": "2024-07-30T12:52:25.211Z", "is_active": true, "is_admin": false, "groups": [], "user_permissions": []}}, {"model": "tasks.task", "pk": 1, "fields": {"name": "Dig the earth", "description": "", "created_at": "2024-07-31T17:38:09.172Z", "status": 7, "author": 4, "executor": 4}}, {"model": "tasks.task", "pk": 2, "fields": {"name": "Stop a digging dog", "description": "", "created_at": "2024-07-31T17:38:24.519Z", "status": 2, "author": 3, "executor": 2}}, {"model": "tasks.task", "pk": 3, "fields": {"name": "Make a poop", "description": "", "created_at": "2024-07-31T17:38:39.248Z", "status": 5, "author": 5, "executor": 5}}, {"model": "tasks.task", "pk": 4, "fields": {"name": "Uhu-uhu", "description": "", "created_at": "2024-07-31T17:38:53.900Z", "status": 5, "author": 6, "executor": 6}}, {"model": "tasks.task", "pk": 5, "fields": {"name": "Clean a poop", "description": "", "created_at": "2024-07-31T17:39:12.617Z", "status": 1, "author": 5, "executor": 2}}, {"model": "tasks.tasklabels", "pk": 1, "fields": {"task": 1, "label": 8}}, {"model": "tasks.tasklabels", "pk": 2, "fields": {"task": 1, "label": 3}}, {"model": "tasks.tasklabels", "pk": 3, "fields": {"task": 2, "label": 5}}, {"model": "tasks.tasklabels", "pk": 4, "fields": {"task": 3, "label": 1}}, {"model": "tasks.tasklabels", "pk": 5, "fields": {"task": 3, "label": 10}}, {"model": "tasks.tasklabels", "pk": 6, "fields": {"task": 3, "label": 4}}, {"model": "tasks.tasklabels", "pk": 7, "fields": {"task": 4, "label": 10}}, {"model": "tasks.tasklabels", "pk": 8, "fields": {"task": 5, "label": 4}}, {"model": "tasks.tasklabels", "pk": 9, "fields": {"task": 5, "label": 6}}, {"model": "tasks.tasklabels", "pk": 10, "fields": {"task": 5, "label": 7}}, {"model": "statuses.status", "pk": 1, "fields": {"name": "Development", "created_at": "2024-07-30T11:56:31.024Z"}}, {"model": "statuses.status", "pk": 2, "fields": {"name": "Deploy", "created_at": "2024-07-30T11:57:20.941Z"}}, {"model": "statuses.status", "pk": 3, "fields": {"name": "Test", "created_at": "2024-07-30T11:57:20.941Z"}}, {"model": "statuses.status", "pk": 4, "fields": {"name": "Refactoring", "created_at": "2024-07-30T11:58:05.344Z"}}, {"model": "statuses.status", "pk": 5, "fields": {"name": "Production", "created_at": "2024-07-30T11:58:05.344Z"}}, {"model": "statuses.status", "pk": 6, "fields": {"name": "Review", "created_at": "2024-07-30T11:58:05.344Z"}}, {"model": "statuses.status", "pk": 7, "fields": {"name": "in progress", "created_at": "2024-07-30T12:14:11.220Z"}}, {"model": "labels.label", "pk": 1, "fields": {"name": "ASAP", "created_at": "2024-07-30T12:00:49.463Z"}}, {"model": "labels.label", "pk": 2, "fields": {"name": "second queue", "created_at": "2024-07-30T12:00:49.463Z"}}, {"model": "labels.label", "pk": 3, "fields": {"name": "research", "created_at": "2024-07-30T12:00:49.463Z"}}, {"model": "labels.label", "pk": 4, "fields": {"name": "fot staff", "created_at": "2024-07-30T12:00:49.463Z"}}, {"model": "labels.label", "pk": 5, "fields": {"name": "tomorrow", "created_at": "2024-07-30T12:00:49.463Z"}}, {"model": "labels.label", "pk": 6, "fields": {"name": "rebuild", "created_at": "2024-07-30T12:00:49.463Z"}}, {"model": "labels.label", "pk": 7, "fields": {"name": "need review", "created_at": "2024-07-30T12:00:49.463Z"}}, {"model": "labels.label", "pk": 8, "fields": {"name": "immediatly", "created_at": "2024-07-30T12:00:49.463Z"}}, {"model": "labels.label", "pk": 9, "fields": {"name": "for admin", "created_at": "2024-07-30T12:00:49.463Z"}}, {"model": "labels.label", "pk": 10, "fields": {"name": "personal", "created_at": "2024-07-30T12:00:49.463Z"}}]